,fit_time,score_time,test_accuracy,test_precision,test_recall
0,0.1662459373474121,0.01443934440612793,0.5237483953786907,0.12897822445561138,0.6784140969162996
1,0.17344927787780762,0.01281118392944336,0.5579803166452717,0.13953488372093023,0.6872246696035242
2,0.1985785961151123,0.015581369400024414,0.5344458707744972,0.13047210300429185,0.6696035242290749
3,0.19547796249389648,0.016176462173461914,0.5669661959777492,0.14023831347387716,0.6740088105726872
4,0.20151805877685547,0.01523280143737793,0.5372431506849316,0.12674825174825174,0.6387665198237885
