,fit_time,score_time,test_accuracy,test_precision,test_recall
0,0.166792631149292,0.01396322250366211,0.5237483953786907,0.12897822445561138,0.6784140969162996
1,0.1525251865386963,0.013580083847045898,0.5579803166452717,0.13953488372093023,0.6872246696035242
2,0.2050163745880127,0.023581504821777344,0.5344458707744972,0.13047210300429185,0.6696035242290749
3,0.22884917259216309,0.015661954879760742,0.5669661959777492,0.14023831347387716,0.6740088105726872
4,0.20308470726013184,0.01798105239868164,0.5372431506849316,0.12674825174825174,0.6387665198237885
