,fit_time,score_time,test_accuracy,test_precision,test_recall
0,0.229172945022583,0.016863584518432617,0.8314077877620881,0.24620060790273557,0.3568281938325991
1,0.19926786422729492,0.016768217086791992,0.826272999572101,0.2359882005899705,0.3524229074889868
2,0.22808837890625,0.014742612838745117,0.8356867779204108,0.24758842443729903,0.3392070484581498
3,0.18739891052246094,0.014192581176757812,0.8416773641420625,0.2576271186440678,0.33480176211453744
4,0.19854450225830078,0.014690160751342773,0.8360445205479452,0.24838709677419354,0.3392070484581498
