,fit_time,score_time,test_accuracy,test_precision,test_recall
0,0.17586159706115723,0.013570547103881836,0.5237483953786907,0.12897822445561138,0.6784140969162996
1,0.14511609077453613,0.012628316879272461,0.5579803166452717,0.13953488372093023,0.6872246696035242
2,0.14631175994873047,0.012535333633422852,0.5344458707744972,0.13047210300429185,0.6696035242290749
3,0.14531731605529785,0.012418270111083984,0.5669661959777492,0.14023831347387716,0.6740088105726872
4,0.15583395957946777,0.012569189071655273,0.5372431506849316,0.12674825174825174,0.6387665198237885
