,fit_time,score_time,test_accuracy,test_precision,test_recall
0,0.19779062271118164,0.013542652130126953,0.5237483953786907,0.12897822445561138,0.6784140969162996
1,0.18262290954589844,0.014500856399536133,0.5579803166452717,0.13953488372093023,0.6872246696035242
2,0.1615910530090332,0.014123678207397461,0.5344458707744972,0.13047210300429185,0.6696035242290749
3,0.16652178764343262,0.013736486434936523,0.5669661959777492,0.14023831347387716,0.6740088105726872
4,0.17926287651062012,0.012895584106445312,0.5372431506849316,0.12674825174825174,0.6387665198237885
