,fit_time,score_time,test_accuracy,test_precision,test_recall
0,0.2032461166381836,0.014431476593017578,0.5237483953786907,0.12897822445561138,0.6784140969162996
1,0.15264058113098145,0.013326883316040039,0.5579803166452717,0.13953488372093023,0.6872246696035242
2,0.15458250045776367,0.014478683471679688,0.5344458707744972,0.13047210300429185,0.6696035242290749
3,0.1746807098388672,0.014914751052856445,0.5669661959777492,0.14023831347387716,0.6740088105726872
4,0.1613767147064209,0.01420140266418457,0.5372431506849316,0.12674825174825174,0.6387665198237885
