,fit_time,score_time,test_accuracy,test_precision,test_recall
0,0.16123151779174805,0.013380050659179688,0.5237483953786907,0.12897822445561138,0.6784140969162996
1,0.14382052421569824,0.012926816940307617,0.5579803166452717,0.13953488372093023,0.6872246696035242
2,0.14378929138183594,0.012823343276977539,0.5344458707744972,0.13047210300429185,0.6696035242290749
3,0.14603972434997559,0.013501644134521484,0.5669661959777492,0.14023831347387716,0.6740088105726872
4,0.1435546875,0.015409469604492188,0.5372431506849316,0.12674825174825174,0.6387665198237885
