,fit_time,score_time,test_accuracy,test_precision,test_recall
0,0.14351487159729004,0.012943744659423828,0.5237483953786907,0.12897822445561138,0.6784140969162996
1,0.14165949821472168,0.012596368789672852,0.5579803166452717,0.13953488372093023,0.6872246696035242
2,0.1381216049194336,0.012693643569946289,0.5344458707744972,0.13047210300429185,0.6696035242290749
3,0.1382768154144287,0.012459278106689453,0.5669661959777492,0.14023831347387716,0.6740088105726872
4,0.1335148811340332,0.012457132339477539,0.5372431506849316,0.12674825174825174,0.6387665198237885
