,fit_time,score_time,test_accuracy,test_precision,test_recall
0,0.17943143844604492,0.013535737991333008,0.5237483953786907,0.12897822445561138,0.6784140969162996
1,0.16406607627868652,0.012772083282470703,0.5579803166452717,0.13953488372093023,0.6872246696035242
2,0.14948511123657227,0.012717962265014648,0.5344458707744972,0.13047210300429185,0.6696035242290749
3,0.14792776107788086,0.013107776641845703,0.5669661959777492,0.14023831347387716,0.6740088105726872
4,0.14426469802856445,0.012644290924072266,0.5372431506849316,0.12674825174825174,0.6387665198237885
