,fit_time,score_time,test_accuracy,test_precision,test_recall
0,0.16317224502563477,0.013956308364868164,0.5237483953786907,0.12897822445561138,0.6784140969162996
1,0.17708396911621094,0.013354063034057617,0.5579803166452717,0.13953488372093023,0.6872246696035242
2,0.15196633338928223,0.01332712173461914,0.5344458707744972,0.13047210300429185,0.6696035242290749
3,0.15058326721191406,0.013016462326049805,0.5669661959777492,0.14023831347387716,0.6740088105726872
4,0.15869975090026855,0.015859603881835938,0.5372431506849316,0.12674825174825174,0.6387665198237885
