,fit_time,score_time,test_accuracy,test_precision,test_recall
0,0.14377760887145996,0.012897968292236328,0.5237483953786907,0.12897822445561138,0.6784140969162996
1,0.13933634757995605,0.013420820236206055,0.5579803166452717,0.13953488372093023,0.6872246696035242
2,0.14175844192504883,0.012683629989624023,0.5344458707744972,0.13047210300429185,0.6696035242290749
3,0.13711881637573242,0.012483358383178711,0.5669661959777492,0.14023831347387716,0.6740088105726872
4,0.13570189476013184,0.01263880729675293,0.5372431506849316,0.12674825174825174,0.6387665198237885
