,fit_time,score_time,test_accuracy,test_precision,test_recall
0,0.15911650657653809,0.014797687530517578,0.5237483953786907,0.12897822445561138,0.6784140969162996
1,0.15958881378173828,0.012445926666259766,0.5579803166452717,0.13953488372093023,0.6872246696035242
2,0.1458745002746582,0.012518167495727539,0.5344458707744972,0.13047210300429185,0.6696035242290749
3,0.14826321601867676,0.012439966201782227,0.5669661959777492,0.14023831347387716,0.6740088105726872
4,0.14087820053100586,0.012381315231323242,0.5372431506849316,0.12674825174825174,0.6387665198237885
