,fit_time,score_time,test_accuracy,test_precision,test_recall
0,0.16829729080200195,0.013730764389038086,0.5237483953786907,0.12897822445561138,0.6784140969162996
1,0.15771055221557617,0.013451576232910156,0.5579803166452717,0.13953488372093023,0.6872246696035242
2,0.16816163063049316,0.013929128646850586,0.5344458707744972,0.13047210300429185,0.6696035242290749
3,0.16341805458068848,0.013188600540161133,0.5669661959777492,0.14023831347387716,0.6740088105726872
4,0.15046048164367676,0.013645648956298828,0.5372431506849316,0.12674825174825174,0.6387665198237885
