,fit_time,score_time,test_accuracy,test_precision,test_recall
0,0.1620011329650879,0.014364242553710938,0.5237483953786907,0.12897822445561138,0.6784140969162996
1,0.15952444076538086,0.014075994491577148,0.5579803166452717,0.13953488372093023,0.6872246696035242
2,0.16259479522705078,0.014679908752441406,0.5344458707744972,0.13047210300429185,0.6696035242290749
3,0.16173624992370605,0.014294862747192383,0.5669661959777492,0.14023831347387716,0.6740088105726872
4,0.1898813247680664,0.014060258865356445,0.5372431506849316,0.12674825174825174,0.6387665198237885
