,fit_time,score_time,test_accuracy,test_precision,test_recall
0,0.14277291297912598,0.013092279434204102,0.5237483953786907,0.12897822445561138,0.6784140969162996
1,0.13897466659545898,0.012686729431152344,0.5579803166452717,0.13953488372093023,0.6872246696035242
2,0.13946962356567383,0.012668848037719727,0.5344458707744972,0.13047210300429185,0.6696035242290749
3,0.1417391300201416,0.01280069351196289,0.5669661959777492,0.14023831347387716,0.6740088105726872
4,0.13321304321289062,0.012556314468383789,0.5372431506849316,0.12674825174825174,0.6387665198237885
