,fit_time,score_time,test_accuracy,test_precision,test_recall
0,0.18396878242492676,0.014175891876220703,0.5237483953786907,0.12897822445561138,0.6784140969162996
1,0.15937423706054688,0.012700319290161133,0.5579803166452717,0.13953488372093023,0.6872246696035242
2,0.18882012367248535,0.014634847640991211,0.5344458707744972,0.13047210300429185,0.6696035242290749
3,0.15729546546936035,0.012937068939208984,0.5669661959777492,0.14023831347387716,0.6740088105726872
4,0.17232990264892578,0.015386104583740234,0.5372431506849316,0.12674825174825174,0.6387665198237885
