,fit_time,score_time,test_accuracy,test_precision,test_recall
0,0.1515204906463623,0.013563871383666992,0.5237483953786907,0.12897822445561138,0.6784140969162996
1,0.14508271217346191,0.012812137603759766,0.5579803166452717,0.13953488372093023,0.6872246696035242
2,0.14397692680358887,0.013443231582641602,0.5344458707744972,0.13047210300429185,0.6696035242290749
3,0.14549040794372559,0.013210058212280273,0.5669661959777492,0.14023831347387716,0.6740088105726872
4,0.1420910358428955,0.013411521911621094,0.5372431506849316,0.12674825174825174,0.6387665198237885
